{"kind": "logreg", "model": {"type": "logreg", "w": [-0.0037527353151349577, -0.068279727254602, 0.045018033690662144, 0.057118975537970365, 0.058014400709336014, -0.0021248797908580267, 0.00453914249328596, 0.12365837659334786, 0.009413155196057156, 0.03152573138612779], "b": -0.0031716469795562492}, "feature_names": ["elo_t1", "elo_t2", "elo_diff", "form_t1", "form_t2", "form_diff", "toss_t1", "bat_first", "h2h_t1", "venue_index"], "task": "prematch_winner", "test_acc": 0.460093896713615, "test_auc": 0.47074041034790365, "test_logloss": 0.7024389489093616, "scaler": {"mean": [1519.4089111999074, 1521.284078320411, -1.8751671205025833, 0.5034935621758272, 0.5014908645450511, 0.0020026976307764535, 0.361247947454844, 0.33497536945812806, 0.4932841088640683, 166.30517353604566], "std": [55.3712821891056, 55.727891889312076, 79.90778800512147, 0.1675405981218359, 0.1739665625252804, 0.24604617394295653, 0.4803622257364789, 0.47198185485728356, 0.21744421637999006, 8.111751842838402]}}